{
  "IcoMoonType": "selection",
  "icons": [
    {
      "icon": {
        "paths": [
          "M2775.919 557.255c24.994-24.993 24.994-65.516 0-90.51l-407.287-407.293c-24.994-24.994-65.519-24.994-90.513-0s-24.994 65.516 0 90.51l362.035 362.039-362.035 362.035c-24.994 24.994-24.994 65.519 0 90.513s65.519 24.994 90.513 0l407.287-407.293zM-0 576h2730.667v-128h-2730.667l-0 128z",
          "M2775.919 557.255c24.994-24.993 24.994-65.516 0-90.51l-407.287-407.293c-24.994-24.994-65.519-24.994-90.513-0s-24.994 65.516 0 90.51l362.035 362.039-362.035 362.035c-24.994 24.994-24.994 65.519 0 90.513s65.519 24.994 90.513 0l407.287-407.293zM-0 576h2730.667v-128h-2730.667l-0 128z"
        ],
        "attrs": [],
        "width": 2816,
        "grid": 0,
        "tags": [
          "Arrow_link"
        ]
      },
      "attrs": [],
      "properties": {
        "order": 7,
        "id": 0,
        "name": "Arrow_link",
        "prevSize": 32
      },
      "setIdx": 0,
      "setId": 2,
      "iconIdx": 0
    }
  ],
  "height": 1024,
  "preferences": {
    "showGlyphs": true,
    "showQuickUse": true,
    "showQuickUse2": true,
    "showSVGs": true,
    "fontPref": {
      "prefix": "icon-",
      "metadata": {
        "fontFamily": "icomoon"
      },
      "metrics": {
        "emSize": 1024,
        "baseline": 6.25,
        "whitespace": 50
      },
      "embed": false
    },
    "imagePref": {
      "prefix": "icon-",
      "png": true,
      "useClassSelector": true,
      "color": 0,
      "bgColor": 16777215,
      "classSelector": ".icon",
      "name": "icomoon"
    },
    "historySize": 50,
    "showCodes": true,
    "gridSize": 16
  }
}